DealerID,Q1_RecordCount,Q2_RecordCount,Q1_Feature1,Q1_Feature2,Q1_Feature3,Q1_Feature4,Q1_Feature5,Q2_Feature1,Q2_Feature2,Q2_Feature3,Q2_Feature4,Q2_Feature5,IF_Flag,IF_Score,LOF_Flag,LOF_Score,DBSCAN_Flag,DBSCAN_Cluster,SVM_Flag,SVM_Score,ConsensusScore,RiskTier
DEALER_107,199,89,2226.123351410352,6.310424188199102,0.2328030700371508,33.82046008065466,0.09495867617687208,2029.522007423952,11.26495244393811,0.3901179034376139,38.82349555004178,0.06715451256953223,1,-0.03045145288284473,1,-2.3213844397042176,1,-1,1,-0.10618939109414316,4,High
DEALER_058,55,43,822.3657258829172,7.492376634864503,0.1058503720887197,35.24868470216922,0.1411282536264729,1107.374441078661,4.686182611495487,0.1426466508314577,39.37691452077149,0.1564359605784966,1,-0.0404777358370621,1,-1.5237806060862762,1,-1,1,-3.9674005831713544e-05,4,High
DEALER_049,175,200,3267.283393204377,9.67443751448834,0.3148587477046125,36.04846260836916,0.0609419135493087,2495.95938862324,8.548243942482154,0.2249459510487078,23.51762600187649,0.05052126871628531,1,-0.15968696957047562,1,-2.71307500758288,1,-1,1,-0.19820316535976357,4,High
DEALER_051,194,61,2236.555333809632,12.11356954622992,0.3984879366396125,60.43082943494028,0.06655843557742444,2340.012680605852,15.86769846077207,0.3238867939976603,34.26156180202616,0.1015110641637109,1,-0.210439225699726,1,-2.738610240847618,1,-1,1,-0.3520889676344101,4,High
DEALER_154,87,120,1265.670828649632,5.795199164462581,0.1142747751366055,5.812697398281731,0.1057548850788183,1029.262421203347,5.714161838271261,0.200178511734533,50.00770481272123,0.08818406189141215,1,-0.0693451954107202,1,-1.8528607510990853,1,-1,1,-0.04103795817127187,4,High
DEALER_065,114,247,1779.033043917381,10.78780104939017,0.2708804267381522,27.1438446413576,0.07615787239094955,2355.506155897969,9.054525409364423,0.7267749814058567,39.24494448937106,0.04882488558962461,1,-0.09765413269687101,1,-2.2626275680439853,1,-1,1,-0.10669420512349825,4,High
DEALER_134,148,210,1716.206795703102,14.37237674359407,0.3215128486147306,35.60570630365467,0.02756372605974646,2391.056398594969,10.44568155455161,0.3584388372485153,39.85942247810271,0.1117115516811075,1,-0.18402001583588007,1,-2.532177400436752,1,-1,1,-0.5220335690950355,4,High
DEALER_124,128,230,787.9053478393242,6.954724337148789,0.1091087887341068,19.95361257620754,0.05528432126413485,1276.178577025811,2.685110043572947,0.099772791490427,22.27051214024366,0.104313495189569,1,-0.0017971563218961428,1,-1.3751210083279608,1,-1,1,-0.0002065633152399382,4,High
DEALER_122,173,44,2369.6196470043,8.45669515568802,0.5028871571689683,39.23530725700578,0.07096823937491387,2902.340788299973,13.18932579008773,0.3577236564407733,42.20278427406204,0.08768835450134087,1,-0.15128713163845958,1,-2.666519421544923,1,-1,1,-0.21956363921845257,4,High
DEALER_077,95,127,2190.06381105739,9.823250830383813,0.3610070062420248,40.79426141964983,0.0742676836611923,1949.995860191991,9.902039444508906,0.5111534487396823,29.07045808007445,0.0355562734408218,1,-0.08397031427545315,1,-2.3582488653649234,1,-1,0,0.21633725655443214,3,High
DEALER_138,27,92,2042.452431616847,10.75449458596339,0.3748045643649967,48.17915198082663,0.1145426898344449,2942.79933738001,7.60811326125084,0.3037854711552758,44.34807974767496,0.09310223055800118,1,-0.15080290255980539,1,-2.355681282115293,1,-1,0,0.0004560593258022827,3,High
DEALER_069,37,160,2813.815604553803,6.789071110079922,0.341074877291376,29.45195068342175,0.06389082199467443,2564.217420981646,9.275164438432913,0.5377441657192626,36.31908380734721,0.07727444087009376,1,-0.1194287786222416,1,-2.5936762779660834,1,-1,0,9.897754281684712e-05,3,High
DEALER_034,147,194,948.2709949211483,5.471392961911903,0.05348878676282039,13.6173245351765,0.106138306869742,1157.575674129218,6.169148578482478,0.2085029510085332,32.18836332364689,0.07304792355615439,1,-0.04057693025792569,1,-1.645452048835336,1,-1,0,0.0001100507534088635,3,High
DEALER_060,177,155,2574.370026522737,10.53087415520321,0.4083293910682743,35.11188177492234,0.1168003641622533,2150.143822748762,8.739890253469422,0.2202584638222751,28.46453043060312,0.09957770339144359,1,-0.16365357239072914,1,-2.5668000148887065,1,-1,0,6.637486330807185e-05,3,High
DEALER_152,84,30,1106.363138102804,3.789756749668271,0.170651902884058,11.55524499317779,0.07039385217798574,910.8657775336056,4.155787880462784,0.1741218559048205,26.72717689117315,0.1084142338964197,1,-0.0025855042354381297,1,-1.4296872801347855,1,-1,0,0.0001832320440713353,3,High
DEALER_082,120,131,799.7659350429848,3.629674128629115,0.1668075439489975,33.23226145770916,0.1502302715307376,1357.81335873585,3.305720713204577,0.1764036267096761,48.47131633666217,0.08634381407476256,1,-0.01628673888230986,0,-1.2881036426329824,1,-1,1,-0.0002856276419960224,3,High
DEALER_162,172,224,1048.661783070711,3.761284795306596,0.1842007729718911,52.94336249922388,0.1168238393047394,953.649996718634,6.202993237690495,0.2620439891754665,24.37842731279176,0.06476365677256682,1,-0.005947595548323303,0,-1.3122979161404889,1,-1,1,-0.000267851956796461,3,High
DEALER_163,114,71,844.5978523469113,3.506633854878709,0.1755850563799161,34.98464117458923,0.01872819678649783,972.0354050644293,6.251857704287317,0.1136177335630447,31.70907091307859,0.1019371210522848,1,-0.0021550662173106527,0,-1.1807357575764215,1,-1,1,-0.00014688637271609295,3,High
DEALER_101,211,103,1053.278918143678,2.802312698941852,0.0571857595045542,29.59186155454905,0.1194796375745408,750.6323278375831,5.619636703321222,0.1390404325813865,21.59184470121556,0.106770569259166,1,-0.004831793819669694,0,-1.2541069751673846,1,-1,1,-0.00021332446042854336,3,High
DEALER_047,122,194,683.6088895558064,5.434306224714613,0.2321073992778356,49.02952821360865,0.09746415863428763,1369.881379812224,3.392108941032167,0.05136514670360334,41.03163222160714,0.1329111219183853,0,0.006553482299319291,0,-1.2934764814326827,1,-1,1,-0.0003766190502567657,2,Medium
DEALER_145,248,228,587.567888452342,2.976238218519078,0.1900698159060603,36.6928778623604,0.1229698750762465,898.402274912486,4.860830230098895,0.1425115068519932,23.80305278387595,0.08262586723518321,0,0.0010997561058420646,0,-1.2308392839953224,1,-1,1,-0.00030872190351605155,2,Medium
DEALER_158,148,225,1146.477464193918,7.442087963277281,0.2319502260345315,25.70056975888055,0.06596292433042791,1116.999168744263,4.724889527651507,0.1345462563240233,28.76829493090462,0.05811069284642462,0,0.032954232235739456,1,-1.3275413252546089,1,-1,0,2.1776669440587426e-05,2,Medium
DEALER_031,123,126,1453.145326756106,5.964302023254322,0.1335344671113516,35.24733822426159,0.02549474838776315,1188.455704474126,6.271755181100474,0.05450659477950952,40.88423766369156,0.09912883447024425,1,-0.0012001596148566995,0,-1.279272832889515,1,-1,0,0.0002746267175319783,2,Medium
DEALER_197,98,30,915.0803139450995,7.185558620975731,0.1704488725819014,49.35496043680287,0.07358364709000619,946.9140141787533,4.974010989876999,0.1723229079238805,35.85328355389214,0.0600213777167247,0,0.03951061308336684,0,-1.2128361719418326,1,-1,1,-0.00043939986695296085,2,Medium
DEALER_029,145,145,1016.288160693017,3.934239375519617,0.1688454517359972,20.10523877405991,0.02730116645556393,878.8295708921307,5.435708483219845,0.1686589502995681,26.96286058105995,0.05166314203164498,0,0.00013335106831741106,1,-1.3451591668868574,1,-1,0,0.00023593897871920788,2,Medium
DEALER_127,38,74,1210.824476824117,6.60294120358428,0.05877048618512307,35.95380688901913,0.06125466654288706,1045.77291897865,4.895636801532214,0.1301784366240131,18.62796375561089,0.06477185037647401,0,0.03391122634027949,0,-1.252024161845101,1,-1,1,-0.00038268013667508427,2,Medium
DEALER_111,83,173,939.7978889759422,7.904498014696883,0.113577004643142,33.1965484061752,0.04610465072183615,860.680461059546,2.460649948471406,0.1395952765734133,34.25896080581624,0.1200220465078242,0,0.029916003269979174,1,-1.3304711698416731,1,-1,0,0.00018321544401977974,2,Medium
DEALER_045,35,164,842.1650599298341,4.772906790876314,0.09022377520722773,50.24048171251576,0.05613020457172947,1292.626358117628,4.335986199917929,0.09379981445267994,29.30143389788977,0.1080659930696963,0,0.010434051842512115,0,-1.2199351540204195,1,-1,1,-7.677313527554297e-05,2,Medium
DEALER_109,128,92,988.9616177508075,1.442565394590019,0.191966944857654,30.02234043764226,0.05256655813632391,1002.290508272987,4.924746056692288,0.1706571752554612,38.95284014771882,0.07800807922167768,0,0.010402547026552134,1,-1.3632558609753977,1,-1,0,0.00020415042085120128,2,Medium
DEALER_084,211,132,1047.294860526485,8.117208471915,0.1433228827956574,34.77614034775826,0.115882503916136,1008.57446566016,7.417608484707934,0.1473729798922871,20.99132409098787,0.06212188351301248,0,0.042323618115814976,1,-1.346715157067542,1,-1,0,0.02196305952518607,2,Medium
DEALER_036,34,185,893.6727374865725,5.569636506155843,0.2519731181042801,47.49150561442859,0.08506937620630918,836.6739978685109,3.992314082730247,0.1226153553277599,34.45928057150526,0.07266329477115312,0,0.031132896015687306,0,-1.2641175863306364,1,-1,1,-0.00038985395717672233,2,Medium
DEALER_130,165,147,1131.539444404956,4.468957145729379,0.2084471546688131,50.05739904163239,0.0732461217665726,1233.818591855752,6.60254275073866,0.1643921796622948,24.46083735646053,0.08982953949532997,0,0.05160044305127848,0,-1.1721945009874912,1,-1,0,0.14543567069154495,1,Low
DEALER_135,202,125,1272.02111798981,4.565875427066994,0.1679125486689084,35.04813344348857,0.05764481620051307,693.1821344664775,5.921968297061149,0.1559108081668317,20.24671092899163,0.08745004785248457,0,0.10526454603134994,0,-1.0180381920367807,1,-1,0,0.7407608316234133,1,Low
DEALER_131,150,145,717.0327539824167,6.746054691524853,0.1613034793167719,33.64224162863697,0.1242835310566921,1105.657426464485,6.758075787471702,0.1176761403024453,29.33507942157847,0.14016313267851,0,0.045435219237023095,0,-1.1834062442404607,1,-1,0,0.33309042295149616,1,Low
DEALER_133,40,91,789.0387053329331,5.309874587987235,0.1043935632349508,33.14184536060612,0.07390259724556655,1026.476234077365,2.424898232280087,0.1632973891563563,40.92980160686823,0.095557225478134,0,0.10272131328246825,0,-1.0041332827862663,1,-1,0,0.7017727414451957,1,Low
DEALER_196,40,221,1009.783645370269,5.29884334676833,0.09998737844307413,46.83419608539384,0.105187769274664,1330.704790492307,3.367039385990962,0.1596442968082044,38.36258609573648,0.06172316280144743,0,0.07101831232867734,0,-1.0803781415835023,1,-1,0,0.32158823410584847,1,Low
DEALER_182,55,235,639.3659874280276,6.497539982071318,0.1658796521799536,31.70130502236216,0.08371567738257077,1083.679659720283,6.537415195669162,0.1694800094976079,35.73818526582899,0.09769321129095632,0,0.07624273514644869,0,-1.0687897090446028,1,-1,0,0.3255282589145423,1,Low
DEALER_195,240,185,584.181381406124,3.533150824952116,0.1201560697338995,41.96444487535781,0.1182944722650263,922.3367155008614,3.397625070748749,0.08537489954879897,37.12580020871117,0.1031524590361584,0,0.004783020460804421,0,-1.167396275520463,1,-1,0,0.15865972716435062,1,Low
DEALER_137,158,241,874.1925228558257,4.461722950365975,0.1719495527545651,44.32246028437741,0.06285368309558394,1216.543284775489,6.47592367410055,0.1503531200632699,27.09451470124579,0.07554901770671309,0,0.0897355133224711,0,-1.0360516636858073,1,-1,0,0.6276010831811967,1,Low
DEALER_194,103,157,745.7021408993741,6.933339378199545,0.1439579248957228,31.13767873020284,0.07647530256388954,875.9935393136768,4.60781380149554,0.2056981847417318,23.1180524992626,0.09872457185192278,0,0.08718762965403226,0,-1.079962891016648,1,-1,0,0.4182600875066791,1,Low
DEALER_139,99,66,1005.900776717727,3.121089113383383,0.1611257490581851,37.47696065527334,0.07587655561509453,1128.274600604083,7.811382002040681,0.1367570166027625,23.19920705498863,0.06502985637767546,0,0.1088929907288535,0,-1.030149411488157,1,-1,0,0.7184015003982951,1,Low
DEALER_140,120,239,781.019173111397,5.764965083181345,0.1563247633962044,39.71637508828482,0.1122111062329563,1403.304013448429,3.952743920915572,0.2011580824294081,46.83383283748011,0.07621188162141768,0,0.09131737161483333,0,-1.0493751907237683,1,-1,0,0.7042250962229748,1,Low
DEALER_141,246,166,879.1947500686153,4.353474418858708,0.181110695563397,25.79308392651546,0.0815426158512592,1139.025027916178,6.173989805361111,0.09842495661019972,33.7336420838645,0.09122334775991646,0,0.1052570083916034,0,-1.0151765116484694,1,-1,0,0.5533726788149658,1,Low
DEALER_142,69,86,1056.161704879224,6.377375192880276,0.1822803312777788,34.29698606067504,0.08093069591053942,1174.998721982304,3.006447997262643,0.1514700019807325,24.7045247489593,0.1061576015576932,0,0.11810942150595427,0,-0.9902447592379616,1,-1,0,0.693311747499606,1,Low
DEALER_193,159,104,1049.72935227914,5.282538041971916,0.1067029121044685,32.57904192423643,0.09532413451186497,1113.916178351076,3.919506593958226,0.1735698538065807,27.54974543452253,0.1352731528100129,0,0.11860164059618367,0,-0.9989198334525528,1,-1,0,0.7989321754698635,1,Low
DEALER_143,83,163,1207.956166499205,2.126887634119434,0.0852051202243292,42.52231571906871,0.07778008880718748,1565.041650171482,3.990655906548934,0.123111073205312,28.58180652792578,0.09297737085058937,0,0.011719917968960436,0,-1.1744267277779084,1,-1,0,0.00017884359263464766,1,Low
DEALER_136,89,205,1114.756085961585,3.87065348489005,0.1523309732374178,38.58659252778528,0.07342316438859119,845.7944573746344,5.602209041204029,0.1586125368662117,30.77126305184533,0.1434461279793041,0,0.11784916271651147,0,-0.9751383061760104,1,-1,0,0.8501239066426478,1,Low
DEALER_128,195,28,1135.156417971627,4.770387215965927,0.09013445240386694,30.4284062464261,0.07410426594562868,753.0519743854286,4.955100634556302,0.246532578732996,43.03192880769614,0.08669178145156775,0,0.10292470980696217,0,-0.9965782639465622,1,-1,0,0.6379170496503133,1,Low
DEALER_129,152,52,1327.716308376424,6.684585670479868,0.1130845423241893,33.67073726440214,0.07539560633711946,1093.466305496498,4.648198477283533,0.210730964273909,33.55918320766168,0.0842995553776064,0,0.08298429416482062,0,-1.160113103552917,1,-1,0,0.335429440195844,1,Low
DEALER_117,28,187,1313.908214710203,5.119372967618887,0.1085968754383744,39.444656709201,0.05119377896808081,921.7283490927423,6.364286816308649,0.1888445823727738,38.41487017225033,0.1077809511142237,0,0.06256096443458814,0,-1.154778416219442,1,-1,0,0.4357125087037328,1,Low
DEALER_108,172,147,940.8654598378791,3.196995852750924,0.1477218183514588,47.7062088571941,0.09299151433366257,1193.2324632874,5.62937692930157,0.0553582881306571,32.95979150801208,0.1042968573092457,0,0.0659011183923589,0,-1.128641695487198,1,-1,0,0.4194089237829448,1,Low
DEALER_110,182,44,810.4782680732892,4.347805390480839,0.1109616473554038,51.48238536419262,0.09751807892148964,578.6653831029371,5.84833527339064,0.2456308358023375,24.71270434890609,0.07219846451702183,0,0.0330279258322565,0,-1.1477313420170183,1,-1,0,0.11833576788830036,1,Low
DEALER_112,199,174,1234.008027045812,5.521861125756377,0.1723419583709689,24.78386844023817,0.06013501362187363,1284.251367479512,5.143926333466821,0.1716913535562479,35.17857864389176,0.05881782134040475,0,0.09233742172765202,0,-1.0584809313962358,1,-1,0,0.5981523948284118,1,Low
DEALER_113,147,47,1104.877943557787,4.328513256740613,0.141138555370768,35.5593566479586,0.1125891266952022,522.1810866615713,7.796768431146192,0.206121476190643,30.24130793201018,0.06504616605612916,0,0.10414710138723815,0,-1.0366553101875977,1,-1,0,0.7395708344940399,1,Low
DEALER_114,125,84,1311.81608897379,5.558096251400367,0.175899387628379,26.39003839744986,0.1010055040673549,983.9705516832313,5.372050458323475,0.1526220924987852,37.48366668765934,0.09028466187620669,0,0.07934573914751636,0,-1.1051913876003607,1,-1,0,0.34835944770174465,1,Low
DEALER_115,136,76,1211.934140015985,3.126849976406669,0.1494541283281881,28.985953217492,0.1171849572421466,825.7998520912208,5.288287119920136,0.1338567915160833,27.75653236284439,0.09476137330134707,0,0.056514672196575355,0,-1.1585249052510842,1,-1,0,0.19006310231781698,1,Low
DEALER_119,76,235,1149.037871823471,5.948967346028097,0.1415723994254737,42.8992411603712,0.08255078243101435,1157.437479642128,3.012975573671665,0.1144292266875327,43.52244562808094,0.09723459847346023,0,0.10814948634276805,0,-0.9904664895694533,1,-1,0,0.6359216324538595,1,Low
DEALER_126,150,72,965.6828096490713,3.934765213142528,0.1951207542939721,28.06395794941259,0.08007771375464091,943.4567088233283,1.625421174480252,0.09710412265967185,42.21524597056496,0.08610542507250458,0,0.10604978610193405,0,-1.041619240050397,1,-1,0,0.5335612455552192,1,Low
DEALER_120,46,196,946.6172283637525,5.413574271483263,0.1013643630358348,44.26006206416907,0.08197471790850025,1398.882909548704,5.473378678411991,0.1656968519624962,9.618939477177967,0.07851976851712293,0,0.09929498963746497,0,-1.0323787867008316,1,-1,0,0.5841117726969725,1,Low
DEALER_121,121,93,1011.978246854657,5.801991221729597,0.08746088208525246,46.49041405250632,0.1083420119689175,1011.44103070168,4.270660469533238,0.1337343839437218,29.071607795551,0.08656745758091786,0,0.048250289328309715,0,-1.15343068734812,1,-1,0,0.13524280856530702,1,Low
DEALER_199,97,84,1126.351652719829,3.462716951785002,0.07853169954527688,34.12212654695853,0.1283448371297047,694.4685579484125,5.691362297393108,0.07665271650694594,34.70294109664582,0.08932517849130565,0,0.01710681487444815,0,-1.1835676077920372,1,-1,0,0.1571142756241768,1,Low
DEALER_123,170,161,1178.125108227073,6.077378490092658,0.1359619047112809,45.90742969668559,0.08880086179507311,767.8394589657871,4.790273293149209,0.1872831020248919,31.46170619798048,0.09037745339547591,0,0.07952585510515259,0,-1.0433177019097968,1,-1,0,0.39695698003360547,1,Low
DEALER_198,47,65,1082.68943890899,3.01788902218488,0.1656505863973294,45.51846297204724,0.09875304530342362,1137.820372912019,4.251549647623659,0.1464655936818969,41.72136394182932,0.08592013747742387,0,0.06361073026124936,0,-1.0970122779538027,1,-1,0,0.41291588393338396,1,Low
DEALER_125,216,244,1140.823061635179,3.835820576418305,0.1461528425230667,32.4567476109723,0.09125793195109533,905.5033188664407,3.551581908102804,0.2071291878733191,25.25010350626663,0.09887864204862078,0,0.11497024192132549,0,-1.0049468083653386,1,-1,0,0.7535416332018039,1,Low
DEALER_144,113,138,1109.577065000399,4.056121069874997,0.06010925778636577,41.92774910733723,0.08009490629053648,1009.377133962807,7.171279240742937,0.165010769322915,27.58704927385239,0.1164778712333684,0,0.06002178159035326,0,-1.1116806262639822,1,-1,0,0.25184556918799506,1,Low
DEALER_147,27,248,1012.966043181864,5.297199081330731,0.1091750792194665,38.92613367195055,0.02996135638903303,1133.40829558389,5.50804200533502,0.1827962419385614,24.17667559446525,0.1525996276819847,0,0.0458594910900359,0,-1.1577682551118573,1,-1,0,0.28002781383585673,1,Low
DEALER_192,164,61,1094.353811706299,3.995043915097769,0.1418834406081781,37.64832123996956,0.0891340935515942,843.5521066777878,6.425595541592858,0.08835941489913451,27.86226345175488,0.07328935755251356,0,0.12573432801594248,0,-0.9726478056667913,1,-1,0,0.8675811422284279,1,Low
DEALER_171,44,97,866.1541188137385,4.808422031093579,0.1533448430964223,32.95334342927341,0.1414356023018973,835.8722970618359,3.687484060270048,0.1052476711726117,35.9071069986994,0.1553162312059681,0,0.02599978698620181,0,-1.1804041152420832,1,-1,0,0.38812610719223417,1,Low
DEALER_164,113,225,973.4448375567365,3.933443224122898,0.1677018249681621,38.26428941505014,0.04455789574601076,1001.747091170922,5.010446404484539,0.163168860729728,29.31158688019553,0.06640347682260915,0,0.09182685760933085,0,-1.1051935710162881,1,-1,0,0.6703116094286543,1,Low
DEALER_165,116,46,972.5459441585754,4.915183542017514,0.1999866106817511,47.93499518798886,0.05032323934064075,978.2167587759283,4.690348265368049,0.1070709857510455,35.31456527505533,0.07196153388034042,0,0.04592834368115889,0,-1.2173525674915777,1,-1,0,0.17020780814746428,1,Low
DEALER_167,93,127,1179.968364443853,5.061370470262594,0.1796005694521734,26.98124815447359,0.07363479575584925,720.6902703902932,4.138452360307753,0.1316462870384949,31.8328509834325,0.1175289587163008,0,0.11487588619118072,0,-0.9882101566180669,1,-1,0,0.6880286910560864,1,Low
DEALER_168,58,92,809.4635052438863,4.081357667084345,0.1754762513348884,34.12218038644568,0.04231685880567381,1213.780009578305,3.709118293182327,0.1124280306637777,32.11095926577612,0.1008355385256837,0,0.07254641272845491,0,-1.1005878588469031,1,-1,0,0.5134565722043536,1,Low
DEALER_169,96,25,977.498374542476,6.080221476823956,0.1636316563200842,34.71511411047927,0.05537104919222934,977.8595602229134,3.977712428396568,0.1126650727195714,28.12489794086959,0.1001248343919718,0,0.11067592857015301,0,-1.0473624851191803,1,-1,0,0.755061737882402,1,Low
DEALER_183,134,237,1288.765785073085,4.696979198836442,0.1524154371369767,23.66526325922501,0.08915523994459844,1105.333969201002,2.321556417644096,0.1095356029292235,46.60066262086985,0.1000751713356669,0,0.08455716908119343,0,-1.0410115462515475,1,-1,0,0.4899632585566016,1,Low
DEALER_170,25,197,1266.661998578615,5.887295206761137,0.07865555481143266,24.08206678238748,0.05847895803691074,1121.620079282121,4.374742886837106,0.1535072029665885,37.8807509479769,0.1161802855285613,0,0.03611725015777917,0,-1.2453617448127126,1,-1,0,0.14194699454281934,1,Low
DEALER_172,40,172,851.9949968877423,4.216500626402346,0.127752321646035,29.06246324802051,0.1250435486936787,1302.439902701393,5.410677426781738,0.1978957131611935,33.29108843797466,0.04226934740224612,0,0.06015750872868203,0,-1.1493675306227524,1,-1,0,0.5367169578746138,1,Low
DEALER_185,133,27,1019.418479981746,2.10809364104015,0.1479521155273361,38.7069584482615,0.04698777539607406,1282.946442883029,6.746508606873936,0.1964137629333928,35.36500062831834,0.1380285850658417,0,0.038943312276474684,0,-1.1757849120780501,1,-1,0,0.2273404608658074,1,Low
DEALER_173,197,114,1036.415114529615,5.658113504995759,0.09880636169439917,42.39486205749947,0.06970626455788377,1286.670642432656,6.148630375918821,0.1187010908162119,30.55633333230433,0.0665405854780723,0,0.09660642786869933,0,-1.0210606051639415,1,-1,0,0.5780948648853987,1,Low
DEALER_174,186,105,1151.989334287358,5.225568304983326,0.2172726647720329,35.27689499348205,0.07091041774233003,1232.322199892514,3.136772208962286,0.2864306036543376,40.37235224415998,0.06959562289563691,0,0.10658270289768329,0,-1.005949193464589,1,-1,0,0.5466009459487082,1,Low
DEALER_175,180,223,1002.056690000919,3.262247288701943,0.2191598136354281,32.73763400681944,0.05126990007029265,762.1965925992275,5.232667324580843,0.1396876997066022,32.11332604948655,0.06372950944043268,0,0.06515713568917259,0,-1.1492333614368744,1,-1,0,0.3428285462132912,1,Low
DEALER_176,126,41,1239.212906278658,4.918423692818714,0.2043688240118245,34.15054455501939,0.03229673966936833,1207.53300350255,4.914083466153764,0.1632407938862674,31.5464216973925,0.05806041880990719,0,0.04745711176435663,0,-1.1228261080654562,1,-1,0,0.3185027925157924,1,Low
DEALER_177,184,189,1154.222916861975,5.314442974489257,0.160208536674235,36.78497614724933,0.0770779953397869,1126.922466650785,5.643961291197844,0.1017096466990284,34.83752023910501,0.07750867339861586,0,0.1307567648096014,0,-0.9618669060539125,1,-1,0,0.8788685986901668,1,Low
DEALER_178,57,191,1151.527612040211,3.920366256214695,0.2040250048381063,39.93451359751824,0.05505370041889936,744.9984630448122,5.183179601465335,0.2367741291157438,47.5726934637668,0.05458490711776488,0,0.07284440038506612,0,-1.0780074119013126,1,-1,0,0.4915321407542159,1,Low
DEALER_180,135,80,1418.977558062295,3.254213017690653,0.1581118910759112,26.66729893902983,0.03999485377391306,1119.26155291632,3.558893911485685,0.1733612141831251,40.15885514444284,0.08629245803571538,0,0.008780504601976213,0,-1.3010563973849818,1,-1,0,0.07911957233447242,1,Low
DEALER_184,180,75,917.6141024277714,5.436145205406888,0.09789391532662141,38.55050167506484,0.09043679896855036,1329.986164528088,5.649444553742054,0.2258059868563012,37.90934819573846,0.07566477657940295,0,0.109228172274077,0,-0.98288877960824,1,-1,0,0.737125888296484,1,Low
DEALER_161,249,214,1042.192160685765,4.095766903571146,0.1131659840876349,31.12775894741859,0.08003349616886217,978.5197002811417,4.252806369162615,0.2369474779305432,41.26450274814388,0.09331330782744103,0,0.11952435066233263,0,-0.9696035660070377,1,-1,0,0.8144655708646871,1,Low
DEALER_146,216,78,1054.786011225447,4.008524640363257,0.1975090037304774,42.09115167654362,0.02200973183121954,1131.281315666955,6.291899386672638,0.2264827149238601,34.75861487784301,0.07669578675402487,0,0.010652173326144931,0,-1.182701804016416,1,-1,0,0.0005237458996034672,1,Low
DEALER_189,74,225,711.7699713186063,5.85727577915679,0.1504578175636586,37.9950916136501,0.07973403308454517,717.1012711818755,5.04482394094006,0.1909492509219943,27.71218713654916,0.04148742527430462,0,0.10692113908258094,0,-1.0082007635706516,1,-1,0,0.6577770428938423,1,Low
DEALER_181,235,21,963.070896004112,6.603423320014605,0.1062611451815207,43.83743372322024,0.06095063854224356,1155.654302026399,5.238250648260465,0.09939388530491955,18.85463071009516,0.09702571661909139,0,0.06895598605701786,0,-1.1263504970447424,1,-1,0,0.3116176865687035,1,Low
DEALER_148,73,235,1074.500251367085,4.784928049460294,0.07560658373817485,44.60245006607457,0.06642072922359715,949.9240755302204,5.063554397199776,0.1009688575400255,16.55707033009449,0.09485594123605078,0,0.06731605651177669,0,-1.1013548412828236,1,-1,0,0.31976441144613754,1,Low
DEALER_149,208,61,1290.917742697217,4.695946917262382,0.153961392840288,37.31487325565689,0.08036319704843922,853.844566284579,6.973005422412497,0.1902052605226164,30.96258823321461,0.06701296135053632,0,0.11206440604534074,0,-0.983197679643099,1,-1,0,0.70718285972613,1,Low
DEALER_191,177,191,1079.134589083059,3.588062336684838,0.1517684951241679,23.76584721527401,0.0720950573854703,1287.263976757996,2.152353699055464,0.2099126415171459,35.58704928501152,0.08195486939866667,0,0.09263900544868964,0,-1.0234976072548094,1,-1,0,0.5855258791242546,1,Low
DEALER_150,33,57,628.6171101751463,4.808978154343927,0.1872335290540212,32.15441347543172,0.09725261061910032,1488.870440197115,4.89234352795253,0.1251406664682072,19.57715042865694,0.06764340594379828,0,0.0772785844768254,0,-1.07335096418574,1,-1,0,0.37033837681988735,1,Low
DEALER_190,89,55,857.0554677954237,7.396755836897593,0.1599514923920433,40.05585187009116,0.0455903125230513,1067.894781064139,3.092812426199403,0.214579766127542,31.68099507620104,0.08543336572878268,0,0.03927042801478042,0,-1.2812783368661151,1,-1,0,0.06552292872227805,1,Low
DEALER_151,216,142,893.601383465601,5.244065888743932,0.2219037808973726,37.68673005546419,0.09182717995068689,1112.100259373724,2.885040460167489,0.134035163288011,27.98271305545984,0.06143300213671649,0,0.10237422008984176,0,-1.0386422465642913,1,-1,0,0.5069336405109184,1,Low
DEALER_153,231,88,715.3130080982904,5.848219569078861,0.1351313321365722,38.0630858910804,0.1054760923310441,1224.026757433124,5.916549247312203,0.1378713661121439,27.03027142379349,0.07589056767766895,0,0.09198303958874798,0,-1.0155463331738974,1,-1,0,0.6736323390366799,1,Low
DEALER_160,200,192,1041.91804362469,4.631500137998508,0.1954419473422171,45.96432790891306,0.08276532806446694,1138.573755817489,4.383117559444678,0.1882958332124637,25.80376869669595,0.1000239821174974,0,0.09658456552836325,0,-1.0503781898428663,1,-1,0,0.5846824017651999,1,Low
DEALER_188,107,211,774.7035014608949,3.713440374287769,0.1857685331405364,40.88466473942699,0.09582144786518267,1018.716304766649,4.286010194832858,0.1157462809603436,31.98349747677315,0.05994060635584457,0,0.08378297894223652,0,-1.0367041604908322,1,-1,0,0.580188289073351,1,Low
DEALER_106,200,52,723.9049471150952,6.074221978366023,0.1401975739523719,35.82042546981013,0.09535247942781559,653.9635905521899,4.388015569320268,0.1377969396827795,42.57043631143692,0.04213785261259696,0,0.10130236874675697,0,-1.0099576528634846,1,-1,0,0.6687579488685318,1,Low
DEALER_156,172,248,1152.385117451813,5.667840131301515,0.1380294118445897,38.61414880752788,0.104066439312171,1156.831845663754,4.258354724769339,0.1321474051333887,35.96296807196266,0.1032873101985234,0,0.11366263193730214,0,-1.024799661148936,1,-1,0,0.691358007783643,1,Low
DEALER_187,58,35,711.5932826093934,4.647465295817444,0.2219024466657856,36.83585372370885,0.05999470758495374,989.6866745808404,5.915263244834374,0.0503630951538705,34.24837760390843,0.03843788118438013,0,0.06009020582044572,0,-1.1156584742092464,1,-1,0,0.20388086572836817,1,Low
DEALER_157,49,54,897.230140926077,5.355701600970391,0.1093972837708473,38.82023469813436,0.08681613158580322,804.5423690359789,4.443762246037079,0.1304633097903351,19.78881362926164,0.0638313976778995,0,0.11908942714954684,0,-0.9787140573501659,1,-1,0,0.816451147932393,1,Low
DEALER_186,122,48,1235.719123274895,3.6123828076816,0.1468108174457277,22.75427794194635,0.101367143253389,505.2595587812788,5.001066360931923,0.1642947567319481,29.51640424957539,0.09086077791205245,0,0.06032966449559196,0,-1.140591729385989,1,-1,0,0.2721080515817611,1,Low
DEALER_159,136,40,1192.324880078027,4.895486994736988,0.2214067360828852,29.30318366496849,0.09744542097500011,1413.461413469033,3.411312334817983,0.2094636199996516,35.72242103953209,0.09060743267953986,0,0.0846218846324418,0,-1.0983647592321422,1,-1,0,0.23698068349604018,1,Low
DEALER_155,119,242,1066.304190286118,5.462045525187321,0.1504580516668262,21.21229274075666,0.08460144578178914,1001.952525199612,3.16282427469393,0.1251470472318972,34.45129253735657,0.0834122831390433,0,0.09351659220807235,0,-1.0228583383207612,1,-1,0,0.6363627534904215,1,Low
DEALER_001,40,104,1115.798823044028,5.912159702451024,0.1291764634857835,42.96561108719939,0.09917057179460609,816.6800226437255,5.983448180198449,0.1744382340846073,31.38155655795981,0.09259593564093908,0,0.0994761923992094,0,-1.0237307220436098,1,-1,0,0.5697880951291554,1,Low
DEALER_105,203,144,1310.923038549553,6.636634675776691,0.1945186356664105,38.11753364256002,0.1082524829101128,1060.161509096161,4.463816609744692,0.1092421139422449,29.56342075487643,0.09141646826780656,0,0.0658512413179208,0,-1.1890663054723933,1,-1,0,0.2089970973154427,1,Low
DEALER_025,199,185,959.7054129615101,5.110551990120931,0.1323739031372103,31.1500710090767,0.08849688402981759,1041.557128136173,4.91760599431572,0.1859831159883663,17.13848489908478,0.08536700349724279,0,0.12900468643505786,0,-0.9669554335606303,1,-1,0,0.9123955769025665,1,Low
DEALER_027,112,205,1031.783204521668,4.286719577361517,0.160756537907144,25.7033638981257,0.09024571143321732,1128.086689611166,5.707689775215372,0.1942834648319109,43.77382932974074,0.08824824635415185,0,0.11070778652618701,0,-1.005409604391484,1,-1,0,0.6676873102542917,1,Low
DEALER_028,209,153,804.810146997994,3.223356184921981,0.1252133626348554,18.06676440823575,0.09540336670005596,1198.68617688588,7.021542157544065,0.2128977959428951,39.15646729587184,0.08325503035594656,0,0.01902960112275326,0,-1.261252463335302,1,-1,0,0.04829992023281093,1,Low
DEALER_030,121,60,1041.081099425003,4.570379974310685,0.128661906113411,35.23287957261336,0.07088904369338847,1149.550681296608,4.015123289921522,0.210942352978638,39.39035514934206,0.04820469121689536,0,0.13048762208086329,0,-0.9686647338930723,1,-1,0,0.9524240324727733,1,Low
DEALER_032,72,217,1337.832030030701,7.064923797399181,0.2045057055921336,34.05911315659903,0.0809014981699449,940.4370144755983,6.39749597031323,0.231570353406221,46.47052998239268,0.01995279212370778,0,0.07750020575877575,0,-1.1761771191487775,1,-1,0,0.312655320510274,1,Low
DEALER_033,41,24,846.4161968994124,3.341382181547552,0.1083765578995027,44.71351863142802,0.07988417569439137,1156.312670417072,6.051057386982122,0.1768777968351553,26.99112060617634,0.0901352631740315,0,0.07159746488245805,0,-1.093644911912032,1,-1,0,0.44421069900221943,1,Low
DEALER_035,224,133,736.5804396693394,3.751347273010959,0.2144374798004758,38.16747099544659,0.109690859818028,945.5850019852843,4.84779343079485,0.1051055914821315,39.97817640914764,0.1177061651719978,0,0.05306154457231921,0,-1.119912221443664,1,-1,0,0.29528174557196984,1,Low
DEALER_037,217,172,1056.808900646261,4.842696019174728,0.1337892293820267,25.97775388086629,0.06749097306507751,825.0156169393283,4.071348540166986,0.1665672232365148,25.0613791835898,0.1014871053562974,0,0.11501051112994365,0,-1.0039206271236685,1,-1,0,0.8117719101099528,1,Low
DEALER_038,210,119,1217.053651759882,2.802913008982963,0.07252647837519258,31.96154790568084,0.09212902781364345,1066.436052965078,3.073897777004785,0.1592332949798142,37.31693028021363,0.07507715396905522,0,0.03827337828647859,0,-1.169578821330256,1,-1,0,0.16189422119946828,1,Low
DEALER_039,83,90,868.7649092061505,6.113956389882182,0.1375806409521622,28.97686466217103,0.06680205906689217,1112.13187506997,5.508033195009735,0.1727380864604495,38.62929307052134,0.08784370383715359,0,0.10478449356816938,0,-0.9978531102123858,1,-1,0,0.7067088355325748,1,Low
DEALER_040,165,164,882.2536407877966,4.273999144629522,0.1385510820063732,27.84523163137977,0.07996518371391628,899.4200922129962,5.091516581805428,0.2088031822418485,34.70370317064802,0.1034209132730013,0,0.11632146034050339,0,-0.980791034532482,1,-1,0,0.7741722601705192,1,Low
DEALER_041,58,52,613.4879746470422,4.359319713951734,0.1424030463591097,32.38990395981568,0.1046534079240192,1055.051214851959,4.628015984111379,0.0805650858113718,35.75667941743956,0.0734361070918855,0,0.06725446544482155,0,-1.0913474318672152,1,-1,0,0.49217737820989194,1,Low
DEALER_042,194,154,970.7201343019166,3.716297106452372,0.1054644783231261,46.41988226947603,0.06605571635026442,1158.402036866312,1.357695528351409,0.2038218582272789,31.93035278651416,0.1099138721124601,0,0.06806269868966736,0,-1.0984963480457377,1,-1,0,0.410866680132165,1,Low
DEALER_043,181,41,808.7654058652787,4.214860067974933,0.1731824456990591,49.69909340390016,0.1001419659810625,1167.456235786407,3.578487289397581,0.1603726859481067,45.82623148572847,0.06015755307233792,0,0.0522036211837848,0,-1.109645601308095,1,-1,0,0.3931773825731806,1,Low
DEALER_044,101,169,904.7009030741067,5.513468528833901,0.1709802950114434,32.31248619967882,0.09693503421730756,1344.857222823273,6.657092846824117,0.1508298162493953,26.79446253029859,0.09236482106395949,0,0.125167355311547,0,-0.9983053823986981,1,-1,0,0.7857109059558944,1,Low
DEALER_046,243,39,983.0327402345397,5.394394402738977,0.1779678692677955,35.284611815877,0.104347353205435,859.7546277762566,5.668769180953894,0.1826371900769589,34.0878841082202,0.1015009372947584,0,0.12020770098189149,0,-1.0215209124904472,1,-1,0,0.7896896700958813,1,Low
DEALER_048,225,115,735.9318558296217,6.5847939866338,0.1568784132974824,34.25361080277207,0.08254814718431644,949.1144641344142,7.070317127067001,0.1891777305057421,22.02101463924371,0.06591401706723349,0,0.09888609351781669,0,-1.0444444152043546,1,-1,0,0.5281732565453303,1,Low
DEALER_050,199,29,768.2639353706744,3.227770619785122,0.1443198714236991,37.92379578114268,0.05851984953561075,1062.917458949707,5.577052515428596,0.1624056060677863,17.69817193812226,0.06014162228762202,0,0.07360155455545248,0,-1.0847468063379422,1,-1,0,0.5011612808478325,1,Low
DEALER_052,64,133,1330.644435097837,4.602214193483294,0.08077313577971126,41.81028459875832,0.093564861582299,706.5375966427628,7.171372130766225,0.2126292166282248,25.05355346234765,0.09744807335673447,0,0.05214807818882661,0,-1.1132639077896487,1,-1,0,0.1486216381475134,1,Low
DEALER_053,103,63,1522.912090463273,6.337510933492852,0.1565756281190921,29.34188376038829,0.05610937081496505,1017.402743058894,4.801464692326825,0.1519605173943749,30.92359911985667,0.0875564164911854,0,0.041330779352823144,0,-1.2573100375153226,1,-1,0,0.23084125906538566,1,Low
DEALER_026,168,90,1043.64942242882,3.995122131407046,0.1512843069588374,46.5022155193317,0.08790119676610716,1295.207114841023,4.92776852484851,0.1620950862997537,40.15388966429703,0.06525034115330994,0,0.09460845009539548,0,-1.0284463119191007,1,-1,0,0.6454697573442691,1,Low
DEALER_024,233,66,874.7303298992734,6.624303067483277,0.2080471539608426,25.8845679912674,0.09549254913706197,1301.74157908251,5.236428843133639,0.1257914460121493,31.91337233276333,0.0969150741830995,0,0.06860489139773951,0,-1.1396346505049029,1,-1,0,0.13450080577832746,1,Low
DEALER_055,134,171,933.7151877781545,4.842634963755986,0.2239130005182418,32.10533970332527,0.04895611177804018,1233.786854810127,4.776791485024609,0.1372028786812959,28.86765823373723,0.1041716823332265,0,0.07582033247232439,0,-1.1167879722874507,1,-1,0,0.3525779557529518,1,Low
DEALER_023,61,181,972.1889777350179,4.917034478328633,0.1254409279442841,37.18563218281698,0.07157920080898518,822.8817948833605,6.462480708869785,0.1745805635885491,37.87185835161222,0.09954626098267697,0,0.12957880095656732,0,-0.9526284385913504,1,-1,0,0.9433556437212063,1,Low
DEALER_003,170,133,999.0780639903871,5.63607764672176,0.1596663887928335,43.20669474308191,0.08326910469778862,1332.134569479432,5.948210462999864,0.2309995692219349,29.49222859659944,0.07172945429675882,0,0.1163287652943023,0,-0.9661771869815909,1,-1,0,0.7906454131739957,1,Low
DEALER_004,120,180,970.5802782655877,4.154392084556141,0.07900151761431486,35.31130565521168,0.1005938282969046,848.926600340849,3.367234742367847,0.1119582803929801,30.45590277406826,0.1403538153947978,0,0.08521787248323104,0,-1.0794282494993648,1,-1,0,0.6110335568329008,1,Low
DEALER_006,217,81,1253.346735036469,5.236131315988349,0.126898444505774,26.33040938113552,0.06176782659065846,957.6231151671811,4.778819791854641,0.2109710419233815,37.53963683975769,0.0683530572219891,0,0.0930034607484364,0,-1.0356796591018134,1,-1,0,0.6346495438277426,1,Low
DEALER_007,39,195,1016.305283242314,5.984634170500903,0.2009778886776496,37.75683923800286,0.06963817335410354,1129.843074800171,4.934709630437035,0.2169042914202116,31.56458589714666,0.09585024558625269,0,0.11093084069545622,0,-0.9989406891145329,1,-1,0,0.6387040477581609,1,Low
DEALER_008,180,242,1115.908982789834,4.527510593330513,0.1248964985425232,38.0342402749213,0.09584775944334356,1030.544625743892,4.56084770054487,0.09602063577949423,30.72280857305599,0.09129636038237514,0,0.11899059977081994,0,-1.0038765449991354,1,-1,0,0.8304031417039457,1,Low
DEALER_009,66,80,630.9690218144159,5.625400706878535,0.1245353886759106,45.29864889284053,0.0800748322799989,926.3929121229374,4.44515317643074,0.1459440051254859,34.73883230603566,0.04988021130974182,0,0.05221589753790307,0,-1.0838865243651354,1,-1,0,0.33028967962614186,1,Low
DEALER_010,41,199,991.2306876525788,4.680993449701545,0.1716452644321813,43.79983720273667,0.08850524942170845,921.8996322723433,6.103071795116931,0.2211154493140267,18.63267259283855,0.1130669563640935,0,0.11181679389872595,0,-0.991112438263376,1,-1,0,0.8112300165648183,1,Low
DEALER_011,141,80,848.2185513472832,4.858949399206243,0.1805170592934775,33.94217074775062,0.09675198105505475,914.6559577615853,5.53267890513549,0.1828635597339579,37.81628101781166,0.08264513561622917,0,0.11860290611072943,0,-1.012713084623671,1,-1,0,0.7619163314124366,1,Low
DEALER_012,244,184,780.613649123747,5.995422850428888,0.1679239745574481,25.04635296911304,0.07062896342755975,882.8931705548009,6.047272583823952,0.1687868364165898,33.99549522301633,0.05722672261960699,0,0.08417647752344881,0,-1.063268652251836,1,-1,0,0.457995348006911,1,Low
DEALER_013,189,201,841.9325739528249,2.608327554735013,0.08257610730460767,32.44714722391281,0.09890620409074516,1483.510246682452,5.188566903668757,0.1502041887954405,34.31754821278049,0.1147196028588469,0,0.0425194242330329,0,-1.1989972773066253,1,-1,0,0.24923988972221345,1,Low
DEALER_014,195,123,939.8577806738539,3.444233206310287,0.17152137759713,36.7378495584842,0.08947106508645987,1106.527103525255,5.867159754400336,0.1427289583431515,41.68587446075571,0.1006418892899038,0,0.11152066538649413,0,-1.0331383848187967,1,-1,0,0.7300278783020027,1,Low
DEALER_015,185,189,1164.862457624082,3.221377523068615,0.108627677933024,33.38333403688477,0.04912967282721303,1218.4842203369,4.65549663289745,0.1729698578390646,18.37747575961401,0.05338645020130215,0,0.06644035926013658,0,-1.1246612499387547,1,-1,0,0.4351445615832443,1,Low
DEALER_016,200,82,761.2493108068785,2.199660656182034,0.1594110444635305,30.37684713537875,0.1160576197796561,957.0752810574045,8.098651393832414,0.1486431643756982,18.20932904112829,0.1294295710064431,0,0.02599638085508771,0,-1.1872187904254168,1,-1,0,0.0014086725625848118,1,Low
DEALER_017,138,38,1005.513668666995,4.186082671813788,0.09305062258403758,37.02307851975919,0.0674813814060771,1014.668231334651,3.161690458640352,0.158083962053,36.19043076258816,0.1014699342091548,0,0.09955025697424091,0,-1.030358657530204,1,-1,0,0.6980963863146952,1,Low
DEALER_018,49,42,912.8495019999559,5.899320679673289,0.1678528859017225,30.96833806871512,0.0386226164203704,914.4247435396326,6.83921852063188,0.1635369417751767,33.94306515897188,0.08474509710937385,0,0.07340576400208965,0,-1.131960184473134,1,-1,0,0.4895366089719453,1,Low
DEALER_019,213,122,941.018843014847,4.65813912034091,0.1177360438277051,29.97547133019701,0.05387390726034244,546.1754163653517,6.978279685937262,0.1294867812177925,35.36141554553546,0.1247554701405445,0,0.10132295525193696,0,-1.0230363644961404,1,-1,0,0.7382656859420405,1,Low
DEALER_020,123,227,1180.496408554829,5.237348098330223,0.09869461398957913,37.49162267442752,0.05447387098304195,788.1782373989054,4.092193552244728,0.1839458218246647,30.30298339862043,0.08898244459574102,0,0.09002548999750876,0,-1.0638798910373382,1,-1,0,0.5850422868749112,1,Low
DEALER_021,135,49,1096.860778660707,6.307060996052951,0.178552805459296,31.78405935896636,0.08130433296643834,705.982450803725,8.098055693722765,0.2911410091786939,39.31482939391945,0.08429792312239921,0,0.1188745345451806,0,-0.9746365581644142,1,-1,0,0.6907430570087871,1,Low
DEALER_022,105,124,1240.731659339694,6.59322335872123,0.15966578086707,36.95283511182681,0.07315373736134408,622.5410821891946,6.494137367828914,0.08003560123032663,41.46111074392896,0.06849249709945028,0,0.10596452853441857,0,-1.032542728532726,1,-1,0,0.5847212007616569,1,Low
DEALER_104,21,226,1059.03918706854,3.205927003727354,0.1419558138192468,22.71486344059105,0.1110489999203453,866.5832729863349,3.664077211692534,0.1691634930419411,25.39411233083814,0.1235873214003638,0,0.05635246981801989,0,-1.1827785389671255,1,-1,0,0.20354464231583158,1,Low
DEALER_054,127,95,789.1180068114385,5.460052535818964,0.1343814420214876,42.75198296220687,0.09093780621549676,753.7171852919342,4.428813759668533,0.1287637647484451,39.29102551913366,0.05692607377232176,0,0.10339459243808286,0,-1.0111450005830869,1,-1,0,0.7274303037691461,1,Low
DEALER_200,241,91,1024.883457770563,4.491672072246994,0.1450926145001949,37.82176130421075,0.1290121150195757,1403.840336665027,5.78829994467347,0.1453435850466822,37.13608749892605,0.03859221082213858,0,0.0689927612547031,0,-1.1246329461075306,1,-1,0,0.5991283056871131,1,Low
DEALER_089,196,144,800.122476805394,4.93186016672877,0.1325837010822415,26.25340913690094,0.08275989314030546,1061.4890051423,6.210892389362097,0.1312223474100636,17.93685559356264,0.1105601806340118,0,0.10021333401522242,0,-0.9813090462082703,1,-1,0,0.6805239710499535,1,Low
DEALER_081,236,83,862.6497022549419,6.27662183928123,0.2453040913073629,34.90144565656551,0.1129753299435349,936.0476046674157,7.924798375293071,0.2044839338283158,39.83863031212424,0.08413812837413419,0,0.04418232578491893,0,-1.2722349412485978,1,-1,0,0.00013308966614777873,1,Low
DEALER_083,56,174,1214.405731555996,5.007606874834722,0.1655081256504806,34.17263909140294,0.06533537287322748,1119.102648565163,4.692119116621046,0.1273293206034561,45.40263154776245,0.03109979984851553,0,0.11748154276767941,0,-0.9628587645627,1,-1,0,0.8402831469900203,1,Low
DEALER_057,145,175,1311.165575993007,7.341215072151559,0.2167155044447808,42.26881087913689,0.08274119386435022,898.5869120336289,5.063208625473868,0.1841333636131402,31.60529673798622,0.1139737395594225,0,0.04543821402595116,0,-1.3041937627680087,1,-1,0,0.02710763704204089,1,Low
DEALER_086,181,235,685.9745223446454,6.719857407927408,0.1750034080499261,42.5811968787864,0.0762188088313406,637.5830721388718,5.932306995571352,0.1138565442499943,45.37685079938845,0.0946764682348936,0,0.06706537536920287,0,-1.09868999796456,1,-1,0,0.27039935768184553,1,Low
DEALER_002,198,228,928.9710778852739,5.275053648938082,0.1825040515101458,43.47378991117057,0.08302944873248655,873.9587088801413,4.96275020455466,0.17073703559178,32.81542076361796,0.0827114995145448,0,0.11028164077099284,0,-0.9850658180890666,1,-1,0,0.7560070568590003,1,Low
DEALER_087,42,57,1166.938926680473,5.10982421380785,0.2000690003426078,26.11116079265953,0.0908148612931538,667.320506975595,5.348959768131042,0.1357984894139287,30.34552015409069,0.05615812709000599,0,0.09658188030797143,0,-1.0445467011788088,1,-1,0,0.41896113006301694,1,Low
DEALER_088,91,151,1081.795660878585,5.696932514395756,0.1291470832545086,25.62422725679364,0.08154791209199898,1201.209344491757,5.628926600254444,0.2152789365526068,34.81157944520039,0.08896120126249338,0,0.11137699782536309,0,-0.9788833344726721,1,-1,0,0.7505510735277865,1,Low
DEALER_090,211,128,915.1255346590092,4.795510902602954,0.1308358731635208,37.31133333734965,0.06979167092933328,1097.584797049544,4.147667785439404,0.1888096146697942,36.13388934381313,0.1044268239747725,0,0.1285134639116854,0,-0.9560218557599057,1,-1,0,0.9332173660117762,1,Low
DEALER_097,75,215,1264.868555138768,4.65650151973317,0.1880821461255956,31.73289098196219,0.0998733063228907,975.0311581448152,4.390697801534781,0.09781229358863654,24.90461934871652,0.08829684532802881,0,0.10142643233174309,0,-1.0646981654439476,1,-1,0,0.45878760371132965,1,Low
DEALER_091,120,205,1047.469096784173,4.064621123929497,0.1816320688471596,44.95957902917156,0.04504725850502873,797.9847403694757,6.34147615258066,0.1357757708712289,25.49152216452226,0.08261785532465164,0,0.061279343063163294,0,-1.1030272429209578,1,-1,0,0.36359210271995557,1,Low
DEALER_092,205,81,1009.444023704124,5.516361630749063,0.2099349776118693,31.54928449408392,0.04140936993694796,1045.58559493843,3.415096078048799,0.1711576402383344,35.59708014329212,0.07330059216689269,0,0.07083097354859647,0,-1.1192947456657973,1,-1,0,0.40002261192064537,1,Low
DEALER_093,213,239,947.4091865553601,3.978155372977079,0.131646380274028,14.98640124672276,0.09633112208203068,1430.666787976255,5.626878364681,0.1536372024035289,21.51037662248896,0.0692663878916374,0,0.03032036810540778,0,-1.2856718718893927,1,-1,0,0.23877958953130296,1,Low
DEALER_094,109,96,981.372111748127,5.798702283576115,0.1330090508882763,21.368057099117,0.07308249774785716,1206.597927761214,5.432363252272226,0.1992875470041734,38.34286579582077,0.09669549457274143,0,0.0871540960978004,0,-1.05693647821984,1,-1,0,0.626805801562355,1,Low
DEALER_095,226,145,954.6440719227606,6.302344405335092,0.162563088954792,28.33570621763191,0.06509777750859584,1082.244243577134,4.39881898535026,0.1359334897801649,42.19610140341352,0.08987759932857221,0,0.10567806974371252,0,-0.9905688416289881,1,-1,0,0.6841717278040085,1,Low
DEALER_100,52,24,1031.772235847041,6.122656550558179,0.1187033466415422,43.39471688434726,0.1106573238912237,1210.641790611552,3.76481477401684,0.1784595407055798,29.34724852574716,0.1046172179032922,0,0.07809446675531956,0,-1.0746054327949301,1,-1,0,0.44517010123356093,1,Low
DEALER_099,166,85,957.3669523882569,4.629592333344305,0.1169317981233242,32.50602935342042,0.06359862658397582,1098.95167997502,4.740300835902262,0.1037923013194876,31.86869172739858,0.08736481332394251,0,0.11982584935430352,0,-0.9807842087584439,1,-1,0,0.8573987779130723,1,Low
DEALER_080,174,39,1069.45237946017,4.592889819339182,0.1639740249024172,19.33126847682375,0.08566965115272838,1054.437510061766,4.98836130437761,0.08732270992368456,19.37283750846798,0.05284674908228023,0,0.07997764675680546,0,-1.0774506483094444,1,-1,0,0.4981134174217232,1,Low
DEALER_079,149,34,1283.203882445544,5.743005340370472,0.1834323158525735,19.86442997350472,0.05717805033202932,931.5158690409396,4.952011401565087,0.1497661264310252,25.48421803099062,0.08641241729983082,0,0.040411777491699497,0,-1.2143278629338425,1,-1,0,0.266631943584144,1,Low
DEALER_078,72,200,1376.770295607507,5.222390779298459,0.09732679155767034,35.5040189466776,0.04018014350696181,1120.879940502494,2.261460815460792,0.1802509303039825,24.44507615420433,0.07846095247333996,0,0.037142340467338664,0,-1.2347396269824493,1,-1,0,0.2037810385534209,1,Low
DEALER_068,105,99,900.0411006125771,2.51241987681045,0.1363063624534447,35.67184802651563,0.1083058643044812,965.0400451073101,5.797617741519484,0.2409229465415378,42.1927907187282,0.0944921895153496,0,0.06804734999483891,0,-1.0954152584624994,1,-1,0,0.4124345066087167,1,Low
DEALER_059,190,60,955.8499877304203,5.083257362159334,0.1734903666721117,37.22860731609445,0.04556710861199081,912.1756108184846,7.107335625921755,0.1493599111015969,37.80102453878407,0.09416127866428876,0,0.10265124895670785,0,-1.0599766762008724,1,-1,0,0.7132380492867163,1,Low
DEALER_061,232,202,1078.257893403991,6.291488188959662,0.1152381100854087,37.69266501284348,0.083746060349682,1197.153993734421,8.189465820948515,0.1774813390383193,32.65078597279638,0.07267850577761102,0,0.11149797875025885,0,-1.0021258999828921,1,-1,0,0.6635705263898182,1,Low
DEALER_062,191,59,932.2919071785822,3.985206760679183,0.1570958445854776,38.39972717948919,0.09027929795039909,1042.677730249752,5.317965332877825,0.08080829315370405,42.34994718176395,0.03974466697282959,0,0.1242802352658191,0,-0.9749575729935014,1,-1,0,0.8878972475045452,1,Low
DEALER_063,104,88,975.9118663871126,5.399684447141906,0.198500753473264,19.50426453835668,0.08295869783470511,1380.533127966892,7.520913912492146,0.1938308409625955,37.14701496203278,0.06993201592424445,0,0.0663280408517366,0,-1.0986959115396464,1,-1,0,0.2599594689586302,1,Low
DEALER_064,242,232,752.5187544934033,4.968964582455373,0.137048331828536,40.33258134887627,0.09111817045488083,958.375829046445,5.664515249523815,0.165787971662107,22.82430353799095,0.05767761897253127,0,0.10417522173765914,0,-0.9891870050595172,1,-1,0,0.7916158532900408,1,Low
DEALER_066,94,153,952.0502517983881,3.999957432860713,0.1492974869409022,23.46160691552471,0.1163512545364365,1068.508548461979,4.258005633026959,0.1104939000824062,25.32311502051009,0.1280589985498913,0,0.06939771658557747,0,-1.1776381918392302,1,-1,0,0.340579515399033,1,Low
DEALER_067,228,122,1041.790580132726,3.092519008029238,0.1139030762082995,34.53271004913054,0.06858822139438193,1201.197821851404,4.090113010636365,0.1553802059031715,45.30010455968805,0.09182156295064434,0,0.09797353519296981,0,-1.0692283171106964,1,-1,0,0.6427668674009201,1,Low
DEALER_070,127,155,1182.288847207569,4.4495896580728,0.08177391135937931,41.64825486134379,0.07849370383996783,1028.055212933202,5.252333452600602,0.1286704576789045,35.25786274748955,0.0806782229389141,0,0.08210712114729463,0,-1.0568521932361015,1,-1,0,0.43641590825716814,1,Low
DEALER_071,203,87,1027.977278980324,4.648170096021486,0.08537366642717287,24.26259866903274,0.05320093619274452,891.1491481793005,3.527688664391194,0.1700785342768051,32.32774195178064,0.1091137670559833,0,0.058337636843956764,0,-1.2027128629441601,1,-1,0,0.3304928954154265,1,Low
DEALER_072,63,25,1063.316153511857,7.32467739491542,0.169282673421021,31.74445000981953,0.091375593008688,1175.795491570533,3.431664123823875,0.1600899710386789,39.42819161120023,0.08419157203261962,0,0.09330843589156923,0,-1.098276718342483,1,-1,0,0.41739833591246556,1,Low
DEALER_103,205,22,683.7900791538551,2.611025605851203,0.1133937553661629,38.83100430816369,0.1043415877836023,830.0817198756498,6.125570129888367,0.08180284321882907,30.40023694508281,0.03979639882823136,0,0.032462224207162604,0,-1.1424180605840044,1,-1,0,0.20255081053995694,1,Low
DEALER_073,126,54,1009.567962564016,6.327192043888758,0.1290912521532128,30.32100692053599,0.1161281489231634,1173.547311059889,3.344722677157887,0.1726880140327371,31.03377464430351,0.09826734845061832,0,0.08380603513341367,0,-1.1222671257686336,1,-1,0,0.5729260264801905,1,Low
DEALER_074,49,240,1000.015190756455,3.845490660390047,0.04741022632717731,34.62730183728529,0.07806609550447866,1162.775392032058,2.902091253178805,0.1285593803806827,35.88455896511915,0.0800998925538746,0,0.05217863514173987,0,-1.1575250062188467,1,-1,0,0.22008859168919104,1,Low
DEALER_102,65,210,933.0553753621679,4.597271158257625,0.1114544622252478,28.10145632419566,0.09236391638307133,924.330790461705,3.704888857601928,0.2668572947511894,37.62415005049737,0.06488683424437967,0,0.10906199430267477,0,-0.9975265883308528,1,-1,0,0.7783360781850115,1,Low
DEALER_076,129,130,1056.968967101195,4.51150611637961,0.1608947902109696,26.93685640301164,0.05213457592330183,1325.375512234898,6.662557098220433,0.0880876431125479,29.50554765179528,0.04982714585995345,0,0.10251180260825138,0,-1.0468844117651126,1,-1,0,0.7611662764793434,1,Low
DEALER_098,176,120,538.0014806323665,5.544758695170435,0.05992890837523812,35.30864898384733,0.08450909857565995,645.4524010519966,3.806788275079732,0.1360655127725759,16.75181565960015,0.1054690987586861,0,0.002923531811019342,0,-1.3074651658419956,1,-1,0,0.0004638999501564989,1,Low
DEALER_005,119,125,1060.763418783808,4.78446630340225,0.1706164161160324,28.23963737624679,0.0785179338493517,798.717184674581,6.737289964278455,0.1575279310208687,33.68234974122418,0.07370122550366229,0,0.12722450159825227,0,-0.9851185934682283,0,0,0,0.7985838659758466,0,Normal
DEALER_056,30,53,1061.479999169292,5.418531072855554,0.1430330906478017,31.08199853679033,0.07489828538902878,1338.190604856457,5.862867723019496,0.2172797245939599,35.85025618194692,0.0543823805587365,0,0.13390009266282132,0,-0.9511389427490264,0,0,0,0.917003337610286,0,Normal
DEALER_116,150,171,1079.035602207324,4.643211964762838,0.1780665459235827,38.17626640012393,0.0732081404078177,1202.868357301119,5.912566893534855,0.05759186183252116,38.07856566220894,0.0974085758585183,0,0.12832191312093627,0,-0.9805135140690512,0,1,0,0.8726988097058468,0,Normal
DEALER_096,86,139,1027.461252178444,5.439837688684676,0.1401695399994839,30.53816890003828,0.08021264066807884,966.5797570800619,5.17050914207666,0.08923622874989016,27.73456110627866,0.100735100152555,0,0.13377596888941468,0,-0.9593647517584957,0,0,0,0.9042827363359611,0,Normal
DEALER_118,52,187,1079.018768572894,4.896679217814742,0.1495166139684693,30.02265839796593,0.07398907007324143,1126.751263939766,2.603293299243183,0.1549074215621996,10.66272095442347,0.08996446551703793,0,0.1308017326590542,0,-0.9433127127827662,0,0,0,0.9119408987119397,0,Normal
DEALER_179,227,107,1099.740970238337,5.227812071404932,0.150482127224073,27.00230217064495,0.07787873670844976,1045.383497083545,3.31032093608888,0.2103775306361312,23.27715033583037,0.09337605918843533,0,0.12158062115474433,0,-0.9866821081472148,0,0,0,0.8205460025147706,0,Normal
DEALER_132,147,105,987.9484288783239,5.157782980166543,0.1806926896184491,38.31033853752171,0.077538849942303,748.1094628060422,4.978495049637056,0.1361827461985048,25.86220527118687,0.07190568053646912,0,0.12828819590946716,0,-0.971020826293923,0,1,0,0.8751610298617687,0,Normal
DEALER_075,177,116,870.1195539622875,5.417250142941148,0.1813937614643254,37.23091427717791,0.07507785753240226,1342.023474244352,5.342330967281214,0.1559805818784669,40.97547493215561,0.07644617773169883,0,0.12568361483840512,0,-0.9797466380233419,0,1,0,0.7987331191413085,0,Normal
DEALER_166,207,139,1069.010895583629,5.401154154197258,0.1754148457144511,36.04821692954736,0.07091848381077986,1224.099173804168,5.381901605650848,0.125007733251328,28.87607942515659,0.06140116188194995,0,0.13084124100521594,0,-0.9690519866517254,0,1,0,0.883395608178404,0,Normal
DEALER_085,164,121,1086.42581261049,5.267695691150331,0.1826710346880316,36.80447871608145,0.0860938120100412,1276.787528652712,5.784971843750513,0.09246987687481727,39.7988373724496,0.09518159734338671,0,0.1292470683425075,0,-0.9749771504325715,0,1,0,0.8277181207644755,0,Normal
